Workbook

Sheet Comps
A1: CMA template: Table 1, the comps
A2: Sample data. Not an appraisal. A CMA is an agent's opinion of the likely sale price. Replace the yellow cells with your own data.
A4: Subject home
A5: Address | B5: Beds | C5: Baths | D5: Sq ft | E5: Lot (sq ft) | F5: Condition / notes
A6: 100 Sample Ln (made up) | B6: 3 | C6: 2 | D6: 1800 | E6: 7000 | F6: Newer kitchen, no garage
A8: Comparable sales (use closed sales, recent and nearby)
A9: Comp | B9: Address | C9: Sold price | D9: Sold date | E9: Beds | F9: Baths | G9: Sq ft
A10: A | B10: A. Sample St | C10: 400000 | D10: 2026-08-12 | E10: 3 | F10: 2 | G10: 1850
A11: B | B11: B. Sample Ave | C11: 405000 | D11: 2026-09-03 | E11: 3 | F11: 2 | G11: 1800
A12: C | B12: C. Sample Rd | C12: 398000 | D12: 2026-07-21 | E12: 4 | F12: 2 | G12: 1900
A13: D
A14: E

Sheet Adjustments
A1: CMA template: Table 2, the adjustments
A2: Sample data. Not an appraisal. A CMA is an agent's opinion of the likely sale price. Replace the yellow cells with your own data.
A4: Subtract when the comp has something the subject lacks. Add when the subject has something the comp lacks. Write the reason in a few words.
A5: Comp (A to E) | B5: Difference | C5: Amount ($, + or -) | D5: Reason
A6: A | B6: Garage | C6: -10000 | D6: Comp has a garage, subject does not
A7: A | B7: Kitchen | C7: 6000 | D7: Subject has a newer kitchen
A8: B | B8: Lot size | C8: -3500 | D8: Comp lot is larger
A9: C | B9: Extra bedroom | C9: -8000 | D9: Comp has a fourth bedroom

Sheet Summary
A1: CMA template: Table 3, the summary
A2: Sample data. Not an appraisal. A CMA is an agent's opinion of the likely sale price. Replace the yellow cells with your own data.
A4: Comp | B4: Sold price | C4: Total adjustments | D4: Adjusted value | E4: Weight (High, Medium, Low)
A5: =IF(Comps!C10="","",Comps!A10) | B5: =IF(Comps!C10="","",Comps!C10) | C5: =IF(Comps!C10="","",SUMIF(Adjustments!A$6:A$15,Comps!A10,Adjustments!C$6:C$15)) | D5: =IF(Comps!C10="","",B5+C5) | E5: High
A6: =IF(Comps!C11="","",Comps!A11) | B6: =IF(Comps!C11="","",Comps!C11) | C6: =IF(Comps!C11="","",SUMIF(Adjustments!A$6:A$15,Comps!A11,Adjustments!C$6:C$15)) | D6: =IF(Comps!C11="","",B6+C6) | E6: Medium
A7: =IF(Comps!C12="","",Comps!A12) | B7: =IF(Comps!C12="","",Comps!C12) | C7: =IF(Comps!C12="","",SUMIF(Adjustments!A$6:A$15,Comps!A12,Adjustments!C$6:C$15)) | D7: =IF(Comps!C12="","",B7+C7) | E7: Low
A8: =IF(Comps!C13="","",Comps!A13) | B8: =IF(Comps!C13="","",Comps!C13) | C8: =IF(Comps!C13="","",SUMIF(Adjustments!A$6:A$15,Comps!A13,Adjustments!C$6:C$15)) | D8: =IF(Comps!C13="","",B8+C8)
A9: =IF(Comps!C14="","",Comps!A14) | B9: =IF(Comps!C14="","",Comps!C14) | C9: =IF(Comps!C14="","",SUMIF(Adjustments!A$6:A$15,Comps!A14,Adjustments!C$6:C$15)) | D9: =IF(Comps!C14="","",B9+C9)
A11: Price range (lowest to highest adjusted value)
A12: Low | B12: =IF(COUNT(D5:D9)=0,"",MIN(D5:D9))
A13: High | B13: =IF(COUNT(D5:D9)=0,"",MAX(D5:D9))
A16: Notes for the seller conversation
A17: Say that this is your opinion of the likely sale price and that the market decides. Do not call it an appraisal. Check your MLS rules before sharing sold data.
